open_ms,open,high,low,close,volume
1672531200000,16537.5,16618.8,16488.0,16610.3,0.0
1672617600000,16610.4,16799.0,16541.2,16666.0,0.0
1672704000000,16665.9,16774.0,16600.3,16667.2,0.0
1672790400000,16667.3,16984.6,16645.7,16842.1,0.0
1672876800000,16842.2,16872.8,16740.4,16823.8,0.0
1672963200000,16823.8,17030.0,16664.8,16943.8,0.0
1673049600000,16943.9,16973.6,16900.1,16936.5,0.0
1673136000000,16936.5,17181.1,16905.0,17124.7,0.0
1673222400000,17124.6,17387.8,17098.2,17169.7,0.0
1673308800000,17169.6,17485.4,17140.4,17428.8,0.0
1673395200000,17428.8,18013.2,17306.4,17935.7,0.0
1673481600000,17935.6,19120.0,17902.4,18838.0,0.0
1673568000000,18838.1,19997.8,18711.0,19924.2,0.0
1673654400000,19924.3,21544.0,19882.6,20962.8,0.0
1673740800000,20962.8,21073.8,20556.0,20882.7,0.0
1673827200000,20882.7,21498.0,20606.6,21188.3,0.0
1673913600000,21188.2,21640.0,20827.8,21130.9,0.0
1674000000000,21130.8,21672.0,20386.0,20680.0,0.0
1674086400000,20680.1,21183.9,20659.9,21068.3,0.0
1674172800000,21068.3,22750.0,20856.4,22661.1,0.0
1674259200000,22661.0,23390.0,22422.0,22781.9,0.0
1674345600000,22781.8,23080.2,22287.0,22704.6,0.0
1674432000000,22704.7,23193.1,22500.0,22913.1,0.0
1674518400000,22913.3,23158.7,22450.0,22627.4,0.0
1674604800000,22627.5,23837.4,22310.5,23060.6,0.0
1674691200000,23060.6,23278.7,22843.8,23001.9,0.0
1674777600000,23001.9,23500.0,22516.6,23068.0,0.0
1674864000000,23068.1,23185.0,22870.8,23015.9,0.0
1674950400000,23016.0,23962.7,22961.5,23740.3,0.0
1675036800000,23740.2,23804.6,22484.2,22819.9,0.0
1675123200000,22819.9,23330.0,22715.3,23119.4,0.0
1675209600000,23119.5,23852.4,22747.0,23730.0,0.0
1675296000000,23730.1,24281.4,23365.0,23493.1,0.0
1675382400000,23493.0,23719.9,23201.0,23424.7,0.0
1675468800000,23424.7,23591.4,23250.0,23322.6,0.0
1675555200000,23322.6,23436.0,22741.0,22929.2,0.0
1675641600000,22929.3,23159.4,22600.0,22757.7,0.0
1675728000000,22757.8,23368.6,22742.4,23234.1,0.0
1675814400000,23234.1,23450.0,22662.9,22955.9,0.0
1675900800000,22955.9,23007.8,21684.7,21793.4,0.0
1675987200000,21793.3,21933.8,21405.0,21618.6,0.0
1676073600000,21618.6,21891.9,21594.4,21851.3,0.0
1676160000000,21851.2,22080.9,21618.0,21771.1,0.0
1676246400000,21771.0,21888.0,21338.0,21766.2,0.0
1676332800000,21766.1,22320.0,21485.2,22187.4,0.0
1676419200000,22187.4,24420.0,22038.5,24332.6,0.0
1676505600000,24332.7,25290.0,23518.0,23526.6,0.0
1676592000000,23526.6,25043.2,23350.0,24581.5,0.0
1676678400000,24581.3,24887.5,24430.6,24636.9,0.0
1676764800000,24636.8,25200.0,24179.4,24265.9,0.0
1676851200000,24265.9,25140.0,23827.0,24849.9,0.0
1676937600000,24849.9,25347.6,24150.0,24443.4,0.0
1677024000000,24443.3,24468.5,23572.0,24171.3,0.0
1677110400000,24171.3,24588.0,23590.0,23928.8,0.0
1677196800000,23928.7,24138.6,22800.0,23175.6,0.0
1677283200000,23175.5,23210.5,22700.0,23146.2,0.0
1677369600000,23173.0,23664.0,23170.0,23550.0,10.70395
1677456000000,23547.0,23881.0,23153.0,23477.0,42.54159
1677542400000,23466.0,23590.0,23021.0,23119.0,41.95336
1677628800000,23128.0,24007.0,23016.0,23625.0,44.11258
1677715200000,23620.0,23783.0,23195.0,23456.0,39.15833
1677801600000,23462.0,23467.0,21937.0,22342.0,37.94228
1677888000000,22328.0,22399.0,22151.0,22337.0,15.85553
1677974400000,22329.0,22631.0,22184.0,22416.0,23.94134
1678060800000,22418.0,22589.0,22263.0,22394.0,29.2664
1678147200000,22397.0,22548.0,21921.0,22187.0,61.70521
1678233600000,22188.0,22275.0,21553.0,21697.0,69.15417
1678320000000,21694.0,21821.0,20026.0,20352.0,114.40674
1678406400000,20349.0,20349.0,19558.0,20141.0,163.09266
1678492800000,20141.0,20670.0,19763.0,20449.0,111.43879
1678579200000,20449.0,22127.0,20263.0,21984.0,108.34313
1678665600000,21981.0,24510.0,21812.0,24118.0,299.50542
1678752000000,24124.0,26477.0,23970.0,24688.0,301.0041
1678838400000,24684.0,25199.0,23903.0,24285.0,286.08527
1678924800000,24288.0,25162.0,24131.0,24994.0,185.29337
1679011200000,24990.0,27758.0,24877.0,27384.0,292.51614
1679097600000,27384.0,27712.0,26573.0,26902.0,185.55681
1679184000000,26906.0,28597.7,26816.0,27950.0,206.19458
1679270400000,27959.0,28464.0,27121.0,27709.0,233.31213
1679356800000,27711.0,28445.0,27293.0,28093.0,166.36969
1679443200000,28077.0,28792.0,26597.0,27234.0,119.76765
1679529600000,27234.0,28773.0,27104.0,28278.0,104.12913
1679616000000,28285.0,28368.0,26976.0,27436.0,107.60628
1679702400000,27441.0,27779.0,27146.0,27456.0,58.07685
1679788800000,27447.0,28180.0,27403.0,27959.0,62.00087
1679875200000,27955.0,28014.0,26524.0,27107.0,73.80828
1679961600000,27111.0,27499.0,26642.0,27251.0,90.57893
1680048000000,27248.0,28625.0,27226.0,28332.0,88.21458
1680134400000,28334.0,29167.0,27699.0,28014.0,106.5462
1680220800000,28014.0,28651.0,27502.0,28463.0,95.56441
1680307200000,28458.0,28832.0,28210.0,28438.0,38.99678
1680393600000,28444.0,28513.0,27835.0,28160.0,53.81316
1680480000000,28161.0,28510.0,27177.0,27790.0,113.00247
1680566400000,27787.0,28439.0,27652.0,28153.0,84.9127
1680652800000,28156.0,28784.0,27788.0,28159.0,80.44351
1680739200000,28154.0,28168.0,27688.0,28021.0,68.75536
1680825600000,28024.0,28093.0,27756.0,27887.0,32.51611
1680912000000,27891.0,28143.0,27851.0,27925.0,21.19212
1680998400000,27923.0,28524.0,27770.0,28311.0,44.71236
1681084800000,28307.0,29820.0,28161.0,29626.0,85.56967
1681171200000,29624.0,30573.7,29575.0,30186.0,110.3042
1681257600000,30186.0,30451.0,29328.0,29867.0,178.75338
1681344000000,29875.0,30701.0,29839.0,30359.0,124.27211
1681430400000,30363.0,31032.0,29948.0,30454.0,180.51218
1681516800000,30452.0,30594.0,30189.0,30281.0,38.59936
1681603200000,30280.0,30547.0,30105.0,30288.0,42.92235
1681689600000,30286.0,30304.0,29148.0,29420.0,78.46345
1681776000000,29420.0,30477.0,29080.0,30369.0,80.91365
1681862400000,30365.0,30400.0,25293.0,28804.0,131.13842
1681948800000,28795.0,29068.0,27986.0,28229.0,122.54609
1682035200000,28223.0,28363.0,27150.0,27254.0,123.41128
1682121600000,27252.0,27869.0,27131.0,27800.0,66.80917
1682208000000,27804.0,27804.0,27310.0,27574.0,82.5861
1682294400000,27571.0,27991.0,26949.0,27494.0,137.14596
1682380800000,27498.0,28374.0,27181.0,28281.0,117.08792
1682467200000,28287.0,30028.0,27226.0,28396.0,217.89242
1682553600000,28397.0,29890.0,28368.0,29465.0,223.98832
1682640000000,29459.0,29589.0,28894.0,29296.0,114.7906
1682726400000,29295.0,29430.0,29011.0,29214.0,40.50079
1682812800000,29213.0,29948.0,29074.0,29216.0,67.98343
1682899200000,29223.0,29325.0,27651.0,28054.0,123.28312
1682985600000,28053.0,28865.0,27869.0,28660.0,110.64869
1683072000000,28657.0,29253.0,28102.0,29015.0,122.64924
1683158400000,29019.0,29377.0,28661.0,28828.0,97.49495
1683244800000,28827.0,29675.0,28764.0,29492.0,91.40473
1683331200000,29491.0,29824.0,28361.0,28837.0,54.0319
1683417600000,28835.0,29131.0,28381.0,28419.0,56.66959
1683504000000,28414.0,28609.0,27252.0,27656.0,93.35323
1683590400000,27661.0,27801.0,27300.0,27615.0,41.96137
1683676800000,27614.0,28294.0,27057.0,27588.0,130.01531
1683763200000,27588.0,27614.0,26704.0,26958.0,94.34273
1683849600000,26975.0,27057.0,25782.0,26776.0,68.04394
1683936000000,26779.0,27021.0,26684.0,26756.0,59.69247
1684022400000,26757.0,27195.0,26570.0,26901.0,64.55242
1684108800000,26905.0,27647.0,26723.0,27150.0,139.907
1684195200000,27148.0,27283.0,26847.0,27023.0,141.16393
1684281600000,27021.0,27490.0,26531.0,27392.0,79.45527
1684368000000,27396.0,27471.0,26368.0,26809.0,150.19293
1684454400000,26813.0,27169.0,26621.0,26872.0,71.236
1684540800000,26861.0,27140.0,26818.0,27089.0,43.96207
1684627200000,27091.0,27272.0,26649.0,26738.0,71.09262
1684713600000,26732.0,27079.0,26523.0,26829.0,96.86959
1684800000000,26837.0,27500.0,26783.0,27207.0,106.20011
1684886400000,27208.0,27209.0,26066.0,26316.0,335.16997
1684972800000,26313.0,26628.0,25861.0,26462.0,249.71303
1685059200000,26469.0,26917.0,26315.0,26692.0,150.59328
1685145600000,26694.0,26871.0,26539.0,26826.0,89.16521
1685232000000,26849.0,28208.0,26754.0,28052.0,435.20613
1685318400000,28060.0,28421.0,27530.0,27724.0,618.21518
1685404800000,27724.0,28014.0,27546.0,27682.0,36.37331
1685491200000,27677.0,27816.0,26840.0,27196.0,82.18701
1685577600000,27203.0,27345.0,26609.0,26802.0,288.53077
1685664000000,26814.0,27285.0,26487.0,27223.0,321.63605
1685750400000,27210.0,27324.0,26911.0,27057.0,52.20204
1685836800000,27045.0,27457.0,26942.0,27122.0,86.26318
1685923200000,27083.0,27118.0,25380.0,25707.0,583.39514
1686009600000,25718.0,27340.0,25364.0,27226.0,962.15432
1686096000000,27234.0,27377.0,26117.0,26331.0,1219.12421
1686182400000,26322.0,26788.0,26210.0,26497.0,800.43725
1686268800000,26486.0,26765.0,26281.0,26471.0,706.5895
1686355200000,26467.0,26521.0,25373.0,25833.0,572.54644
1686441600000,25745.0,26184.0,25660.0,25882.0,39.25897
1686528000000,25916.0,26059.0,25631.0,25872.0,18.87017
1686614400000,25986.0,26368.0,25810.0,25904.0,9.28092
1686700800000,25982.0,26088.0,24845.0,25131.0,6.03105
1686787200000,25095.0,25738.0,24836.0,25600.0,13.37181
1686873600000,25574.0,26491.0,25187.0,26345.0,16.58327
1686960000000,26344.0,26888.0,26170.0,26507.0,14.77486
1687046400000,26515.0,26683.0,26304.0,26326.0,12.13586
1687132800000,26318.0,27062.0,26263.0,26825.0,12.24058
1687219200000,26824.0,28396.0,26660.0,28297.0,28.3219
1687305600000,28302.0,30744.0,28252.0,30024.0,28.05005
1687392000000,30007.0,30499.0,29605.0,29894.0,28.58438
1687478400000,29889.0,31579.0,29810.0,30681.0,40.16388
1687564800000,30676.0,30806.0,30270.0,30533.0,20.36386
1687651200000,30524.0,31048.0,30296.0,30451.0,16.37333
1687737600000,30455.0,30657.0,29922.0,30268.0,28.23255
1687824000000,30279.0,30991.0,30225.0,30680.0,42.60209
1687910400000,30694.0,30695.0,29838.0,30076.0,29.95461
1687996800000,30091.0,30832.0,30045.0,30449.0,21.48722
1688083200000,30447.0,31289.0,29633.0,30459.0,40.74218
1688169600000,30459.0,30658.0,30321.0,30585.0,12.91676
1688256000000,30574.0,30787.0,30308.0,30613.0,17.51452
1688342400000,30615.0,31400.0,30570.0,31149.0,22.74052
1688428800000,31158.0,31321.0,30612.0,30754.0,23.66848
1688515200000,30763.0,30880.0,30179.0,30504.0,23.77325
1688601600000,30492.0,31531.0,29878.0,29884.0,67.67874
1688688000000,29871.0,30449.0,29753.0,30342.0,14.46155
1688774400000,30322.0,30376.0,30037.0,30286.0,7.49229
1688860800000,30280.0,30429.0,30054.0,30159.0,9.20342
1688947200000,30162.0,31036.0,29949.0,30392.0,13.7312
1689033600000,30408.0,30815.0,30304.0,30608.0,10.45127
1689120000000,30614.0,30996.0,30227.0,30366.0,17.17888
1689206400000,30378.0,31790.0,30249.0,31443.0,14.86202
1689292800000,31462.0,31739.0,29938.0,30289.0,25.68899
1689379200000,30287.0,30466.0,30225.0,30273.0,13.43623
1689465600000,30273.0,30430.0,30082.0,30228.0,33.0111
1689552000000,30222.0,30322.0,29643.0,30123.0,37.0633
1689638400000,30141.0,30233.0,29576.0,29857.0,14.24462
1689724800000,29853.0,30178.0,29759.0,29916.0,21.3286
1689811200000,29916.0,30407.0,29569.0,29798.0,22.20138
1689897600000,29800.0,30049.0,29719.0,29900.0,12.4146
1689984000000,29893.0,29979.0,29612.0,29794.0,8.04807
1690070400000,29791.0,30352.0,29733.0,30070.0,21.22341
1690156800000,30080.0,30097.0,28861.0,29171.0,28.48558
1690243200000,29158.0,29357.0,29041.0,29215.0,12.52122
1690329600000,29218.0,29664.0,29107.0,29338.0,11.24487
1690416000000,29333.0,29562.0,29080.0,29212.0,18.81417
1690502400000,29215.0,29530.0,29116.0,29300.0,9.63224
1690588800000,29306.0,29397.0,29248.0,29349.0,6.90918
1690675200000,29347.0,29445.0,29024.0,29278.0,10.26044
1690761600000,29270.0,29527.0,29117.0,29229.0,11.78145
1690848000000,29216.0,29716.0,28595.0,29712.0,27.36779
1690934400000,29750.0,30022.0,28941.0,29163.0,35.16121
1691020800000,29172.0,29432.0,28976.0,29182.0,46.21432
1691107200000,29182.0,29318.0,28880.0,29106.0,25.49113
1691193600000,29103.0,29144.0,28974.0,29062.0,11.15781
1691280000000,29062.0,29200.0,28983.0,29081.0,13.62228
1691366400000,29079.0,29276.0,28720.0,29208.0,10.00482
1691452800000,29202.0,30234.0,29136.0,29763.0,19.23502
1691539200000,29773.0,30127.0,29379.0,29564.0,12.74293
1691625600000,29580.0,29718.0,29378.0,29448.0,29.13031
1691712000000,29442.0,29563.0,29240.0,29421.0,8.30491
1691798400000,29421.0,29472.0,29363.0,29419.0,8.23364
1691884800000,29426.0,29463.0,29275.0,29299.0,7.8958
1691971200000,29292.0,29691.0,29103.0,29418.0,24.94926
1692057600000,29396.0,29488.0,29072.0,29192.0,9.6338
1692144000000,29186.0,29254.0,28710.0,28716.0,38.86112
1692230400000,28716.0,28779.0,24771.0,26621.0,125.35067
1692316800000,26610.0,26799.0,25653.0,26047.0,52.61761
1692403200000,26049.0,26247.0,25793.0,26085.0,16.13785
1692489600000,26085.0,26255.0,25970.0,26180.0,11.74359
1692576000000,26180.0,26236.0,25795.0,26119.0,33.7964
1692662400000,26125.0,26132.0,25325.0,26049.0,29.50438
1692748800000,26054.0,27002.0,25807.0,26436.0,72.90694
1692835200000,26442.0,26579.0,25893.0,26172.0,68.20739
1692921600000,26160.0,26273.0,25774.0,26047.0,26.23298
1693008000000,26049.0,26095.0,25981.0,26002.0,6.97275
1693094400000,25998.0,26169.0,25953.0,26090.0,8.0753
1693180800000,26091.0,26241.0,25861.0,26106.0,19.27628
1693267200000,26117.0,28081.0,25914.0,27713.0,48.7933
1693353600000,27703.0,27736.0,27034.0,27296.0,17.75077
1693440000000,27288.0,27494.0,25686.0,25932.0,49.91716
1693526400000,25935.0,26126.0,25321.0,25793.0,36.64046
1693612800000,25793.0,25963.0,25736.0,25859.0,13.84128
1693699200000,25869.0,26121.0,25818.0,25969.0,11.27394
1693785600000,25970.0,26094.0,25613.0,25813.0,19.59156
1693872000000,25813.0,25866.0,25555.0,25783.0,27.87531
1693958400000,25775.0,26040.0,25367.0,25752.0,22.33982
1694044800000,25749.0,26421.0,25633.0,26241.0,41.86363
1694131200000,26262.0,26424.0,25691.0,25915.0,104.93383
1694217600000,25915.0,25949.0,25812.0,25909.0,6.98896
1694304000000,25912.0,25999.0,25648.0,25823.0,22.68536
1694390400000,25828.0,25891.0,24914.0,25146.0,209.43827
1694476800000,25142.0,26533.0,25112.0,25816.0,88.52391
1694563200000,25823.0,26404.0,25745.0,26216.0,40.72885
1694649600000,26211.0,26770.0,26131.0,26524.0,114.83797
1694736000000,26519.0,26889.0,26216.0,26607.0,38.77536
1694822400000,26615.0,26768.0,26442.0,26553.0,64.31908
1694908800000,26553.0,26605.0,26384.0,26498.0,60.27915
1694995200000,26506.0,27413.0,26394.0,26760.0,158.25019
1695081600000,26757.0,27492.0,26666.0,27212.0,72.23792
1695168000000,27212.0,27382.0,26795.0,27133.0,87.49451
1695254400000,27119.0,27174.0,26390.0,26582.0,121.2792
1695340800000,26573.0,26746.0,26482.0,26582.0,180.63227
1695427200000,26581.0,26641.0,26517.0,26578.0,200.51777
1695513600000,26585.0,26740.0,26075.0,26254.0,31.00131
1695600000000,26219.0,26435.0,25984.0,26305.0,83.01346
1695686400000,26301.0,26399.0,26089.0,26207.0,46.229
1695772800000,26216.0,26848.0,26115.0,26365.0,353.64168
1695859200000,26366.0,27306.0,25658.0,27020.0,533.1418
1695945600000,27034.0,27252.0,26708.0,26910.0,66.69027
1696032000000,26907.0,27097.0,26874.0,26975.0,43.46551
1696118400000,26969.0,28190.0,26962.0,27957.0,83.84182
1696204800000,27992.0,28555.0,27305.0,27498.0,197.1373
1696291200000,27486.0,27673.0,27187.0,27433.0,207.36827
1696377600000,27422.0,27828.0,27253.0,27779.0,127.89729
1696464000000,27781.0,28099.0,27357.0,27415.0,129.10262
1696550400000,27415.0,28222.0,27183.0,27933.0,1656.84459
1696636800000,27919.0,28015.0,27841.0,27948.0,151.8382
1696723200000,27956.0,28090.0,27677.0,27907.0,93.45157
1696809600000,27916.0,27981.0,27255.0,27562.0,144.36731
1696896000000,27578.0,27702.0,27296.0,27383.0,85.55245
1696982400000,27386.0,27479.0,26546.0,26891.0,131.22276
1697068800000,26871.0,26958.0,26560.0,26755.0,54.02027
1697155200000,26756.0,27132.0,26688.0,26867.0,504.80485
1697241600000,26861.0,26980.0,26782.0,26850.0,50.50582
1697328000000,26853.0,27297.0,26798.0,27163.0,60.82306
1697414400000,27154.0,30647.0,27111.0,28503.0,388.71681
1697500800000,28504.0,28612.0,28079.0,28403.0,81.60084
1697587200000,28394.0,29000.0,28146.0,28308.0,128.28201
1697673600000,28311.0,28880.0,28113.0,28706.0,149.98578
1697760000000,28712.0,30302.0,28580.0,29681.0,140.08081
1697846400000,29675.0,30387.0,29472.0,29922.0,64.62989
1697932800000,29921.0,30211.0,29693.0,30015.0,83.84675
1698019200000,29994.0,36504.0,29902.0,33121.0,365.5031
1698105600000,33151.0,35182.0,32874.0,33935.0,345.4093
1698192000000,33936.0,35177.0,33688.0,34500.0,214.13117
1698278400000,34511.0,34854.0,33769.0,34168.0,141.61229
1698364800000,34155.0,34271.0,33419.0,33922.0,122.91386
1698451200000,33912.0,34500.0,33872.0,34102.0,109.38709
1698537600000,34105.0,34773.0,33949.0,34546.0,76.42511
1698624000000,34544.0,34888.0,34099.0,34498.0,128.93079
1698710400000,34495.0,34748.0,34069.0,34680.0,113.40224
1698796800000,34660.0,35721.0,34134.0,35457.0,272.64177
1698883200000,35457.0,35987.0,34331.0,34947.0,429.14566
1698969600000,34952.0,34958.0,34139.0,34716.0,121.37237
1699056000000,34716.0,35307.0,34610.0,35082.0,126.64336
1699142400000,35085.0,35421.0,34436.0,35041.0,177.82666
1699228800000,35040.0,35300.0,34748.0,35055.0,395.40884
1699315200000,35061.0,35915.0,34550.0,35418.0,441.44536
1699401600000,35419.0,36199.0,35121.0,35703.0,607.23066
1699488000000,35692.0,38042.0,35601.0,36736.0,916.3061
1699574400000,36708.0,37583.0,36341.0,37339.0,470.19314
1699660800000,37358.0,37419.0,36769.0,37178.0,431.10902
1699747200000,37172.0,37244.0,36758.0,37079.0,299.39246
1699833600000,37078.0,37427.0,36334.0,36479.0,559.14198
1699920000000,36454.0,36756.0,34817.0,35580.0,483.94075
1700006400000,35580.0,37977.0,35400.0,37899.0,431.45796
1700092800000,37896.0,37918.0,35527.0,36176.0,632.75325
1700179200000,36174.0,36749.0,35864.0,36602.0,558.92798
1700265600000,36625.0,36845.0,36225.0,36575.0,274.93827
1700352000000,36576.0,37580.0,36395.0,37365.0,296.28657
1700438400000,37376.0,37771.0,36783.0,37466.0,470.22576
1700524800000,37459.0,37649.0,35737.0,35737.0,1381.4213
1700611200000,35728.0,37871.0,35631.0,37410.0,902.30465
1700697600000,37429.0,37649.0,36884.0,37287.0,314.20904
1700784000000,37298.0,38433.0,37261.0,37727.0,644.17845
1700870400000,37723.0,37895.0,37615.0,37793.0,309.52514
1700956800000,37794.0,37828.0,37141.0,37453.0,464.52303
1701043200000,37465.0,37572.0,36747.0,37248.0,716.49082
1701129600000,37261.0,38390.0,36873.0,37828.0,1050.30269
1701216000000,37829.0,38479.0,37570.0,37872.0,716.91873
1701302400000,37867.0,38180.0,37511.0,37721.0,749.77639
1701388800000,37734.0,39009.0,37616.0,38700.0,908.41861
1701475200000,38700.0,39719.0,38650.0,39471.0,591.50583
1701561600000,39466.0,40318.0,39300.0,40004.0,1118.59589
1701648000000,40004.0,42468.0,39996.0,42010.0,1774.25883
1701734400000,42009.0,44462.0,41419.0,44028.0,1989.65326
1701820800000,44043.0,44275.0,43390.0,43796.0,1065.36914
1701907200000,43784.0,44064.0,42858.0,43303.0,1093.21805
1701993600000,43284.0,44782.0,43098.0,44204.0,1448.76562
1702080000000,44206.0,44396.0,43585.0,43729.0,1093.39978
1702166400000,43722.0,44112.0,43594.0,43823.0,1025.03039
1702252800000,43819.0,43834.0,40253.0,41299.0,3455.11973
1702339200000,41283.0,42121.0,40700.0,41549.0,1309.30563
1702425600000,41546.0,43502.0,40686.0,42891.0,1175.33593
1702512000000,42895.0,43445.0,41871.0,43065.0,1148.0268
1702598400000,43067.0,43120.0,41720.0,41965.0,748.16843
1702684800000,41966.0,42735.0,41630.0,42251.0,483.63441
1702771200000,42247.0,42438.0,41259.0,41362.0,491.32792
1702857600000,41370.0,42778.0,40545.0,42692.0,1433.40422
1702944000000,42692.0,43500.0,41850.0,42322.0,958.47703
1703030400000,42314.0,44331.0,42240.0,43700.0,1125.43775
1703116800000,43706.0,44294.0,43342.0,43934.0,754.65023
1703203200000,43930.0,44455.0,43440.0,44026.0,889.16452
1703289600000,44029.0,44034.0,43331.0,43749.0,357.22898
1703376000000,43747.0,43981.0,42684.0,43020.0,527.57116
1703462400000,43000.0,43843.0,42781.0,43656.0,622.52609
1703548800000,43646.0,43651.0,41700.0,42582.0,1222.79907
1703635200000,42577.0,43681.0,42165.0,43454.0,792.56217
1703721600000,43448.0,43832.0,42341.0,42620.0,930.97262
1703808000000,42617.0,43196.0,41343.0,42132.0,1244.22967
1703894400000,42129.0,42638.0,41554.0,42184.0,1024.06859
1703980800000,42184.0,42925.0,42014.0,42315.0,812.69226
1704067200000,42327.0,44265.0,42225.0,44241.0,699.16021
1704153600000,44247.0,45910.0,44186.0,44971.0,2436.77308
1704240000000,44987.0,45573.0,40629.0,42887.0,5306.37647
1704326400000,42882.0,44815.0,42652.0,44208.0,2645.96625
1704412800000,44208.0,45917.0,41666.0,44186.0,3486.08039
1704499200000,44179.0,44239.0,43445.0,44009.0,814.48552
1704585600000,43994.0,44532.0,43651.0,43976.0,1502.62738
1704672000000,43974.0,47309.0,43245.0,47035.0,3266.52105
1704758400000,47031.0,49306.0,44109.0,46163.0,3708.63689
1704844800000,46165.0,47775.0,44315.0,46679.0,4791.69372
1704931200000,46680.0,49119.0,45654.0,46370.0,4750.69625
1705017600000,46354.0,46553.0,41424.0,42784.0,5771.79179
1705104000000,42765.0,43299.0,42422.0,42897.0,1674.12119
1705190400000,42892.0,43114.0,41762.0,41786.0,1757.61361
1705276800000,41779.0,43367.0,41607.0,42498.0,2186.38137
1705363200000,42491.0,43573.0,42048.0,43140.0,2615.08665
1705449600000,43141.0,43208.0,42234.0,42815.0,2280.81314
1705536000000,42811.0,42958.0,40723.0,41343.0,2775.58599
1705622400000,41348.0,42191.0,40288.0,41673.0,3424.25864
1705708800000,41673.0,41852.0,41468.0,41668.0,1418.18425
1705795200000,41674.0,41875.0,41489.0,41583.0,1164.49648
1705881600000,41580.0,41692.0,39398.0,39577.0,4872.12629
1705968000000,39579.0,40209.0,38576.0,39921.0,3908.70226
1706054400000,39920.0,40572.0,39534.0,40120.0,2256.33796
1706140800000,40118.0,40321.0,39565.0,39988.0,1835.38037
1706227200000,39990.0,42223.0,39825.0,41797.0,3351.11127
1706313600000,41798.0,42179.0,41390.0,42095.0,2065.78955
1706400000000,42093.0,42813.0,41625.0,42013.0,3164.10912
1706486400000,42013.0,43284.0,41804.0,43240.0,3716.9049
1706572800000,43241.0,43838.0,42655.0,42912.0,4607.63544
1706659200000,42911.0,43727.0,42257.0,42562.0,4717.72231
1706745600000,42559.0,43297.0,41876.0,43084.0,3920.88283
1706832000000,43084.0,43479.0,42513.0,43181.0,4946.95804
1706918400000,43180.0,43370.0,42860.0,42978.0,2740.51539
1707004800000,42979.0,43109.0,42280.0,42563.0,3580.65111
1707091200000,42562.0,43569.0,42234.0,42737.0,5656.19187
1707177600000,42737.0,43379.0,42587.0,43089.0,5625.63177
1707264000000,43090.0,44421.0,42780.0,44377.0,5155.63822
1707350400000,44376.0,45667.0,44355.0,45352.0,6721.22165
1707436800000,45351.0,48274.0,45240.0,47166.0,7998.2295
1707523200000,47166.0,48183.0,46878.0,47777.0,3681.66238
1707609600000,47777.0,48623.0,47569.0,48311.0,4572.39552
1707696000000,48310.0,50910.0,47600.0,49946.0,10477.53929
1707782400000,49945.0,50426.0,48319.0,49734.0,6762.84191
1707868800000,49734.0,52121.0,49275.0,51853.0,5997.81083
1707955200000,51853.0,52878.0,51319.0,51919.0,6495.05694
1708041600000,51918.0,52617.0,51524.0,52165.0,4967.36495
1708128000000,52164.0,52197.0,50672.0,51683.0,4501.02127
1708214400000,51682.0,52443.0,51208.0,52193.0,3440.28179
1708300800000,52193.0,52539.0,51717.0,51821.0,4174.57051
1708387200000,51821.0,53061.0,50798.0,52314.0,5850.4082
1708473600000,52315.0,52410.0,50634.0,51909.0,5539.85078
1708560000000,51910.0,52116.0,50943.0,51292.0,4489.11488
1708646400000,51292.0,51550.0,50548.0,50771.0,3618.65253
1708732800000,50772.0,51735.0,50601.0,51630.0,2340.01905
1708819200000,51630.0,52000.0,51291.0,51766.0,2798.15526
1708905600000,51766.0,55488.0,50949.0,54522.0,6888.10254
1708992000000,54522.0,57690.0,54486.0,57130.0,9246.79969
1709078400000,57147.0,64334.0,56762.0,62574.0,14683.68716
1709164800000,62575.0,63807.0,60501.0,61201.0,6603.21459
1709251200000,61194.0,63227.0,60839.0,62445.0,5444.47642
1709337600000,62442.0,62504.0,61624.0,62079.0,2699.50023
1709424000000,62075.0,63389.0,61443.0,63187.0,3690.17809
1709510400000,63197.0,68619.0,62289.0,68354.0,13336.39499
1709596800000,68351.0,69394.0,59400.0,63930.0,12727.10565
1709683200000,63918.0,67778.0,62861.0,66178.0,7570.36123
1709769600000,66178.0,68032.0,65631.0,66894.0,5716.54947
1709856000000,66894.0,70362.0,66131.0,68200.0,7896.42454
1709942400000,68201.0,68642.0,67943.0,68407.0,2281.93473
1710028800000,68407.0,69977.0,68222.0,69003.0,4722.39738
1710115200000,69000.0,72864.0,67087.0,72153.0,7227.70245
1710201600000,72155.0,73226.0,68831.0,71559.0,5769.73887
1710288000000,71558.0,73759.0,71407.0,73137.0,4306.06128
1710374400000,73138.0,73938.0,68709.0,71493.0,7134.28216
1710460800000,71494.0,72481.0,65673.0,69522.0,10914.74241
1710547200000,69543.0,70081.0,64799.0,65358.0,6404.52566
1710633600000,65360.0,68952.0,64611.0,68454.0,7030.80494
1710720000000,68454.0,69025.0,66619.0,67648.0,5888.48301
1710806400000,67642.0,68147.0,61635.0,62023.0,11908.20099
1710892800000,62021.0,68142.0,60784.0,67902.0,11463.61086
1710979200000,67887.0,68288.0,64600.0,65495.0,6607.46013
1711065600000,65496.0,66677.0,62284.0,63832.0,7099.03129
1711152000000,63845.0,66039.0,63039.0,64007.0,4557.19419
1711238400000,64003.0,67786.0,63826.0,67351.0,5576.79837
1711324800000,67353.0,71229.0,66463.0,69952.0,8266.67138
1711411200000,69946.0,71597.0,69337.0,70045.0,7654.43058
1711497600000,70049.0,71835.0,68475.0,69546.0,5710.52623
1711584000000,69549.0,71633.0,68949.0,70922.0,4146.92157
1711670400000,70894.0,70996.0,69122.0,69996.0,4808.15554
1711756800000,69995.0,70446.0,69628.0,69675.0,2615.78066
1711843200000,69672.0,71501.0,69646.0,71412.0,3528.16314
1711929600000,71403.0,71403.0,68087.0,69776.0,6481.2263
1712016000000,69762.0,69790.0,64595.0,65493.0,9086.10593
1712102400000,65494.0,66952.0,64518.0,65991.0,6540.19091
1712188800000,65992.0,69330.0,65070.0,68529.0,5569.03607
1712275200000,68530.0,68797.0,65979.0,67909.0,5534.36528
1712361600000,67902.0,69739.0,67504.0,68922.0,3979.67813
1712448000000,68924.0,70387.0,68837.0,69435.0,4341.2062
1712534400000,69434.0,72836.0,69081.0,71718.0,9014.56963
1712620800000,71716.0,71826.0,68255.0,69183.0,7865.82401
1712707200000,69183.0,71238.0,67544.0,70625.0,6058.93534
1712793600000,70627.0,71363.0,69638.0,70074.0,5846.73931
1712880000000,70075.0,71302.0,65279.0,67169.0,9309.87819
1712966400000,67170.0,67987.0,60117.0,63988.0,10759.3846
1713052800000,63998.0,65843.0,62178.0,65686.0,8561.25841
1713139200000,65681.0,66921.0,62263.0,63438.0,7211.84008
1713225600000,63439.0,64665.0,61610.0,63862.0,10746.13421
1713312000000,63861.0,64503.0,59761.0,61242.0,10439.84618
1713398400000,61241.0,64092.0,60282.0,63503.0,8400.58654
1713484800000,63501.0,65458.0,59571.0,63781.0,11136.02491
1713571200000,63784.0,65397.0,63066.0,64939.0,4341.65875
1713657600000,64938.0,65721.0,64189.0,64907.0,4474.41357
1713744000000,64908.0,67349.0,64488.0,66865.0,6675.27388
1713830400000,66866.0,67219.0,65822.0,66408.0,5250.41048
1713916800000,66407.0,67091.0,62750.0,64245.0,5728.21531
1714003200000,64245.0,65311.0,62694.0,64475.0,4686.28072
1714089600000,64474.0,64891.0,63325.0,63790.0,4171.35783
1714176000000,63790.0,63933.0,62385.0,63498.0,3707.43788
1714262400000,63497.0,64392.0,62782.0,63126.0,2868.06577
1714348800000,63131.0,64179.0,61751.0,63827.0,4934.30956
1714435200000,63837.0,64765.0,59186.0,60661.0,8624.56534
1714521600000,60664.0,60823.0,56642.0,58336.0,9224.20177
1714608000000,58338.0,59578.0,56988.0,59103.0,4545.41743
1714694400000,59100.0,63333.0,58830.0,62874.0,5526.14819
1714780800000,62877.0,64538.0,62567.0,63856.0,2434.09342
1714867200000,63849.0,64687.0,62863.0,64004.0,2391.1418
1714953600000,64013.0,65484.0,62757.0,63237.0,4729.42136
1715040000000,63236.0,64473.0,62290.0,62335.0,4294.94733
1715126400000,62329.0,63069.0,60793.0,61165.0,4320.04866
1715212800000,61140.0,63452.0,60593.0,63111.0,3818.20571
1715299200000,63110.0,63523.0,60213.0,60847.0,4464.12565
1715385600000,60846.0,61527.0,60504.0,60870.0,1053.42245
1715472000000,60870.0,61881.0,60631.0,61512.0,1256.87001
1715558400000,61514.0,63430.0,60755.0,62939.0,4242.69138
1715644800000,62939.0,63101.0,61146.0,61645.0,3256.1767
1715731200000,61647.0,66462.0,61350.0,66212.0,5368.20984
1715817600000,66211.0,66912.0,64565.0,65296.0,4016.40349
1715904000000,65296.0,67427.0,65137.0,67056.0,2905.91355
1715990400000,67055.0,67348.0,66509.0,66900.0,993.84999
1716076800000,66918.0,67735.0,65849.0,66285.0,2294.06854
1716163200000,66294.0,71619.0,66091.0,71447.0,6596.50728
1716249600000,71466.0,72047.0,69187.0,70182.0,2814.59899
1716336000000,70182.0,70694.0,68764.0,69219.0,3482.90043
1716422400000,69221.0,70101.0,66133.0,68033.0,4265.05388
1716508800000,68005.0,69272.0,66611.0,68544.0,2226.74629
1716595200000,68544.0,69597.0,68510.0,69307.0,1120.3243
1716681600000,69318.0,69570.0,68220.0,68578.0,1456.73862
1716768000000,68574.0,70728.0,68332.0,69493.0,2393.32521
1716854400000,69496.0,69644.0,67316.0,68443.0,3702.74759
1716940800000,68442.0,69071.0,67191.0,67718.0,3278.0552
1717027200000,67711.0,69546.0,67152.0,68405.0,3580.92834
1717113600000,68404.0,69078.0,66717.0,67597.0,4018.4895
1717200000000,67596.0,67928.0,67496.0,67811.0,1032.52456
1717286400000,67810.0,68523.0,67339.0,67800.0,1813.94257
1717372800000,67798.0,70386.0,67650.0,68849.0,5768.87403
1717459200000,68850.0,71134.0,68568.0,70620.0,5506.04365
1717545600000,70620.0,71786.0,70378.0,71113.0,5025.82196
1717632000000,71111.0,71703.0,70111.0,70835.0,3144.5518
1717718400000,70828.0,72000.0,68559.0,69436.0,5414.58244
1717804800000,69435.0,69635.0,69228.0,69347.0,890.62969
1717891200000,69346.0,69899.0,69165.0,69690.0,1229.28157
1717977600000,69689.0,70249.0,69211.0,69577.0,2791.98223
1718064000000,69576.0,69617.0,66104.0,67369.0,5576.00977
1718150400000,67368.0,70034.0,66948.0,68267.0,6914.47283
1718236800000,68262.0,68517.0,66309.0,66838.0,4244.63621
1718323200000,66848.0,67413.0,65044.0,66022.0,4321.12205
1718409600000,66022.0,66473.0,65860.0,66208.0,1453.41154
1718496000000,66207.0,67031.0,66058.0,66729.0,1474.29145
1718582400000,66728.0,67310.0,65119.0,66567.0,8905.89954
1718668800000,66567.0,66633.0,63989.0,65217.0,6496.80087
1718755200000,65218.0,65757.0,64703.0,65018.0,3282.1084
1718841600000,65017.0,66490.0,64564.0,64903.0,3628.16327
1718928000000,64903.0,65125.0,63317.0,64129.0,4598.45365
1719014400000,64142.0,64559.0,63942.0,64291.0,646.84105
1719100800000,64290.0,64562.0,63095.0,63167.0,1784.89654
1719187200000,63167.0,63336.0,58564.0,60345.0,7825.50528
1719273600000,60341.0,62419.0,60271.0,61801.0,3852.43894
1719360000000,61801.0,62539.0,60708.0,60857.0,4280.07824
1719446400000,60861.0,62429.0,60600.0,61756.0,3036.84854
1719532800000,61736.0,62280.0,60078.0,60473.0,4522.99519
1719619200000,60473.0,61291.0,60445.0,60981.0,1354.68438
1719705600000,60983.0,63018.0,60667.0,62741.0,4695.00645
1719792000000,62741.0,63895.0,62507.0,62914.0,4248.20659
1719878400000,62907.0,63288.0,61831.0,62141.0,2730.17607
1719964800000,62153.0,62307.0,59206.0,60169.0,5355.5188
1720051200000,60169.0,60481.0,56732.0,57023.0,9178.48663
1720137600000,57022.0,57507.0,53720.0,56591.0,10414.768
1720224000000,56591.0,58480.0,55976.0,58211.0,3161.21972
1720310400000,58239.0,58430.0,55688.0,55817.0,3321.29963
1720396800000,55819.0,58188.0,54231.0,56725.0,7248.02244
1720483200000,56725.0,58302.0,56284.0,58093.0,6777.90434
1720569600000,58092.0,59422.0,57120.0,57734.0,8399.03233
1720656000000,57726.0,59538.0,57041.0,57303.0,6477.49301
1720742400000,57307.0,58553.0,56500.0,57883.0,6342.5059
1720828800000,57883.0,59888.0,57732.0,59213.0,3634.01771
1720915200000,59224.0,61390.0,59220.0,60812.0,3868.45009
1721001600000,60804.0,64934.0,60666.0,64764.0,6880.98022
1721088000000,64764.0,65440.0,62390.0,65054.0,7234.60895
1721174400000,65045.0,66179.0,63859.0,64061.0,6517.10378
1721260800000,64061.0,65184.0,63219.0,64044.0,4999.21913
1721347200000,64044.0,67406.0,63311.0,66691.0,5497.96202
1721433600000,66691.0,67665.0,66278.0,67219.0,2112.15301
1721520000000,67216.0,68473.0,65840.0,68213.0,4117.58563
1721606400000,68212.0,68547.0,66583.0,67581.0,4441.17065
1721692800000,67580.0,67821.0,65455.0,65991.0,6578.46425
1721779200000,65991.0,67125.0,64974.0,65423.0,4078.86989
1721865600000,65409.0,66212.0,63490.0,65857.0,6010.86298
1721952000000,65858.0,68255.0,65779.0,67960.0,4271.86043
1722038400000,67958.0,69454.0,66661.0,67958.0,7737.36896
1722124800000,67945.0,68411.0,67067.0,68321.0,2714.15686
1722211200000,68322.0,70100.0,66434.0,66807.0,7049.6898
1722297600000,66806.0,67053.0,65375.0,66233.0,5780.0491
1722384000000,66233.0,66892.0,64570.0,64672.0,5569.06394
1722470400000,64668.0,65698.0,62332.0,65391.0,6439.35126
1722556800000,65402.0,65600.0,61235.0,61527.0,9344.57321
1722643200000,61527.0,62229.0,59829.0,60718.0,5408.2483
1722729600000,60725.0,61143.0,57211.0,58181.0,6295.45554
1722816000000,58187.0,58356.0,49020.0,53978.0,25228.78816
1722902400000,53984.0,57055.0,53946.0,55999.0,7981.4947
1722988800000,55991.0,57708.0,54533.0,55104.0,7513.50305
1723075200000,55102.0,62700.0,54715.0,61640.0,8942.62395
1723161600000,61641.0,61692.0,59512.0,60825.0,5963.14025
1723248000000,60826.0,61506.0,60231.0,60930.0,4327.7128
1723334400000,60929.0,61926.0,58316.0,58727.0,4065.0539
1723420800000,58728.0,60750.0,57684.0,59337.0,6873.74908
1723507200000,59337.0,61555.0,58413.0,60560.0,9134.30912
1723593600000,60560.0,61756.0,58445.0,58730.0,7566.79962
1723680000000,58725.0,59874.0,56067.0,57549.0,9331.08281
1723766400000,57540.0,59794.0,57081.0,58870.0,8081.4176
1723852800000,58870.0,59719.0,58803.0,59468.0,2882.23607
1723939200000,59468.0,60300.0,58417.0,58420.0,3717.34739
1724025600000,58421.0,59597.0,57744.0,59430.0,6634.10081
1724112000000,59454.0,61422.0,58539.0,58977.0,6778.03191
1724198400000,58967.0,61830.0,58763.0,61151.0,7863.96366
1724284800000,61151.0,61454.0,59755.0,60390.0,6351.85596
1724371200000,60395.0,65178.0,60368.0,64081.0,9998.09748
1724457600000,64085.0,64563.0,63584.0,64195.0,3945.14469
1724544000000,64195.0,65210.0,63770.0,64303.0,4775.46536
1724630400000,64294.0,64568.0,62789.0,62836.0,8529.66087
1724716800000,62837.0,63230.0,57985.0,59407.0,13723.45613
1724803200000,59412.0,60277.0,57838.0,58995.0,11618.1519
1724889600000,59010.0,61186.0,58636.0,59352.0,7789.67528
1724976000000,59339.0,59900.0,57699.0,59092.0,9113.48517
1725062400000,59094.0,59441.0,58732.0,58971.0,2492.94227
1725148800000,58971.0,59068.0,57183.0,57291.0,6341.79168
1725235200000,57275.0,59359.0,57098.0,59112.0,6754.69181
1725321600000,59112.0,59800.0,57357.0,57435.0,6746.64675
1725408000000,57436.0,58550.0,55633.0,57980.0,9961.09479
1725494400000,57979.0,58354.0,55572.0,56159.0,9127.56308
1725580800000,56153.0,56970.0,52534.0,53952.0,14740.80821
1725667200000,53951.0,54832.0,53750.0,54160.0,3015.91973
1725753600000,54160.0,55258.0,53602.0,54839.0,4023.72152
1725840000000,54840.0,58077.0,54561.0,57016.0,10899.33969
1725926400000,57016.0,58039.0,56387.0,57617.0,7503.66532
1726012800000,57616.0,57973.0,55539.0,57278.0,9941.8535
1726099200000,57287.0,58557.0,57286.0,58131.0,8273.40603
1726185600000,58133.0,60629.0,57612.0,60491.0,8516.52033
1726272000000,60484.0,60592.0,59447.0,59986.0,2362.56946
1726358400000,59987.0,60357.0,58688.0,59128.0,3601.75878
1726444800000,59127.0,59200.0,57473.0,58220.0,8308.96912
1726531200000,58219.0,61319.0,57605.0,60283.0,9396.18537
1726617600000,60284.0,61875.0,59192.0,61839.0,10854.81967
1726704000000,61819.0,63913.0,61614.0,62990.0,9769.23704
1726790400000,62996.0,64199.0,62370.0,63210.0,7669.25542
1726876800000,63200.0,63580.0,62734.0,63347.0,1827.4051
1726963200000,63348.0,64000.0,62367.0,63596.0,5344.54818
1727049600000,63597.0,64820.0,62621.0,63366.0,7472.548
1727136000000,63366.0,64732.0,62729.0,64302.0,7618.05665
1727222400000,64318.0,64866.0,62991.0,63192.0,6701.84417
1727308800000,63192.0,65918.0,62686.0,65221.0,11006.82847
1727395200000,65221.0,66524.0,64869.0,65778.0,6597.77277
1727481600000,65777.0,66278.0,65405.0,65860.0,2166.58656
1727568000000,65860.0,66169.0,65450.0,65660.0,2710.09887
1727654400000,65660.0,65669.0,62893.0,63381.0,9049.7939
1727740800000,63381.0,64188.0,60100.0,60839.0,18901.46763
1727827200000,60830.0,62381.0,59962.0,60652.0,9248.64254
1727913600000,60652.0,61480.0,59837.0,60762.0,7576.34723
1728000000000,60761.0,62480.0,60465.0,62060.0,7548.02353
1728086400000,62060.0,62365.0,61661.0,62071.0,2131.28305
1728172800000,62071.0,62979.0,61826.0,62823.0,3260.73999
1728259200000,62823.0,64505.0,62136.0,62229.0,7979.67501
1728345600000,62228.0,63228.0,61871.0,62181.0,7301.98942
1728432000000,62180.0,62565.0,60282.0,60613.0,5827.79814
1728518400000,60613.0,61309.0,58919.0,60299.0,9901.59516
1728604800000,60300.0,63400.0,60056.0,62504.0,7296.77061
1728691200000,62510.0,63484.0,62460.0,63180.0,2333.85522
1728777600000,63180.0,63270.0,62015.0,62849.0,2810.25792
1728864000000,62848.0,66500.0,62441.0,66078.0,7818.00328
1728950400000,66078.0,67929.0,64785.0,67059.0,11958.15838
1729036800000,67059.0,68432.0,66740.0,67625.0,6820.10911
1729123200000,67625.0,67958.0,66670.0,67416.0,4639.10934
1729209600000,67415.0,69026.0,67200.0,68450.0,6478.3336
1729296000000,68457.0,68728.0,68011.0,68377.0,1592.9612
1729382400000,68386.0,69444.0,68111.0,69083.0,2643.52368
1729468800000,69083.0,69577.0,66868.0,67381.0,8688.14326
1729555200000,67381.0,67835.0,66571.0,67426.0,7901.2186
1729641600000,67427.0,67440.0,65277.0,66731.0,9431.10445
1729728000000,66731.0,68863.0,66563.0,68201.0,6274.13387
1729814400000,68201.0,68776.0,65586.0,66699.0,9845.58989
1729900800000,66699.0,67458.0,66425.0,67073.0,2571.40613
1729987200000,67074.0,68324.0,66914.0,68020.0,2130.69978
1730073600000,68020.0,70343.0,67611.0,69992.0,6370.93096
1730160000000,69992.0,73722.0,69791.0,72813.0,9390.71379
1730246400000,72812.0,72994.0,71472.0,72402.0,5139.37898
1730332800000,72402.0,72720.0,69740.0,70363.0,7024.23017
1730419200000,70364.0,71659.0,68817.0,69530.0,11724.55353
1730505600000,69528.0,69928.0,69031.0,69362.0,2226.1043
1730592000000,69362.0,69380.0,67475.0,68766.0,6296.02311
1730678400000,68769.0,69491.0,66878.0,67889.0,6457.31622
1730764800000,67889.0,70612.0,67523.0,69411.0,7830.90665
1730851200000,69410.0,76484.0,69308.0,75640.0,18746.49742
1730937600000,75640.0,76847.0,74465.0,75925.0,8337.64989
1731024000000,75924.0,77240.0,75632.0,76541.0,5725.86577
1731110400000,76542.0,77007.0,75750.0,76765.0,3524.20428
1731196800000,76766.0,81619.0,76555.0,80458.0,10486.01966
1731283200000,80447.0,89702.0,80284.0,88776.0,15914.58373
1731369600000,88775.0,90050.0,85185.0,88040.0,18090.85599
1731456000000,88040.0,93466.0,86183.0,90440.0,16854.26002
1731542400000,90439.0,91917.0,86635.0,87358.0,14033.61492
1731628800000,87360.0,91922.0,87085.0,91107.0,10240.15014
1731715200000,91098.0,91807.0,90121.0,90616.0,3485.24617
1731801600000,90657.0,91528.0,88800.0,89945.0,5097.40926
1731888000000,89944.0,92678.0,89428.0,90550.0,11274.76869
1731974400000,90549.0,94000.0,90437.0,92366.0,8833.4012
1732060800000,92369.0,94878.0,91569.0,94340.0,11168.22794
1732147200000,94339.0,99142.0,94071.0,98429.0,13321.51193
1732233600000,98419.0,99654.0,97222.0,98982.0,7789.82717
1732320000000,98988.0,98996.0,97211.0,97757.0,4049.30697
1732406400000,97756.0,98656.0,95847.0,98038.0,5652.39753
1732492800000,98043.0,99022.0,92620.0,93100.0,13673.22935
1732579200000,93101.0,95046.0,90878.0,92028.0,10734.74386
1732665600000,92027.0,97290.0,91858.0,95931.0,6877.55411
1732752000000,95921.0,96643.0,94640.0,95722.0,4356.82846
1732838400000,95722.0,98733.0,95436.0,97533.0,6391.75352
1732924800000,97532.0,97533.0,96138.0,96484.0,4820.92924
1733011200000,96484.0,97933.0,95740.0,97274.0,5292.30091
1733097600000,97274.0,98267.0,94408.0,95921.0,12382.54594
1733184000000,95920.0,96385.0,93606.0,95928.0,10718.08663
1733270400000,95929.0,99150.0,94643.0,98683.0,18424.21009
1733356800000,98666.0,104940.0,90900.0,97107.0,45853.34875
1733443200000,97107.0,102010.0,96477.0,99832.0,15599.94124
1733529600000,99832.0,100566.0,98902.0,99922.0,6885.3139
1733616000000,99923.0,101510.0,98710.0,101220.0,7080.18556
1733702400000,101220.0,101350.0,94138.0,97431.0,21067.81297
1733788800000,97430.0,98395.0,94292.0,96671.0,18420.20856
1733875200000,96671.0,101944.0,95701.0,101164.0,12049.61485
1733961600000,101164.0,102603.0,99356.0,100082.0,12153.34806
1734048000000,100082.0,101940.0,99238.0,101486.0,10381.14421
1734134400000,101485.0,102790.0,100621.0,101498.0,8083.79949
1734220800000,101498.0,105885.0,101280.0,104644.0,12880.21365
1734307200000,104644.0,107900.0,103396.0,106168.0,19122.02605
1734393600000,106169.0,108603.0,105267.0,106153.0,13104.07035
1734480000000,106153.0,106500.0,100090.0,100270.0,29665.87053
1734566400000,100270.0,102746.0,95608.0,97433.0,36686.95598
1734652800000,97433.0,98248.0,92263.0,97870.0,32638.69781
1734739200000,97870.0,99580.0,96450.0,97319.0,15364.04432
1734825600000,97319.0,97485.0,94204.0,95191.0,13145.16341
1734912000000,95191.0,96500.0,92567.0,94909.0,22212.12113
1734998400000,94909.0,99400.0,93521.0,98613.0,16858.75413
1735084800000,98612.0,99571.0,97595.0,99441.0,12961.96206
1735171200000,99441.0,100000.0,95230.0,95881.0,16254.94572
1735257600000,95880.0,97602.0,93440.0,94341.0,16266.45087
1735344000000,94340.0,95824.0,94157.0,95371.0,6583.21009
1735430400000,95372.0,95390.0,93033.0,93744.0,6953.07446
1735516800000,93745.0,95071.0,91510.0,92826.0,20355.61952
1735603200000,92827.0,96340.0,92074.0,93620.0,16321.58289
1735689600000,93619.0,95270.0,92782.0,94640.0,8708.2261
1735776000000,94640.0,97867.0,94415.0,96990.0,12470.03138
1735862400000,96991.0,98998.0,96071.0,98141.0,8866.56436
1735948800000,98140.0,98843.0,97510.0,98265.0,5570.20314
1736035200000,98265.0,98893.0,97302.0,98382.0,5614.58389
1736121600000,98383.0,102495.0,97931.0,102247.0,17006.23747
1736208000000,102247.0,102860.0,96251.0,97011.0,28462.59461
1736294400000,97012.0,97357.0,92612.0,95140.0,23249.24058
1736380800000,95139.0,95464.0,91138.0,92539.0,34150.68365
1736467200000,92540.0,96000.0,92203.0,94768.0,25241.7624
1736553600000,94767.0,95042.0,93861.0,94623.0,6662.75507
1736640000000,94624.0,95525.0,93722.0,94572.0,7388.87945
1736726400000,94571.0,96000.0,88979.0,94511.0,32757.86933
1736812800000,94511.0,97300.0,94317.0,96524.0,18271.09191
1736899200000,96524.0,100683.0,96467.0,100491.0,18659.22691
1736985600000,100490.0,100879.0,97410.0,100047.0,18928.74414
1737072000000,100047.0,105877.0,100010.0,104090.0,19025.45401
1737158400000,104089.0,105064.0,102288.0,104612.0,13602.43135
1737244800000,104612.0,106620.0,99674.0,101365.0,26608.30486
1737331200000,101368.0,112044.0,99600.0,102300.0,55821.71294
1737417600000,102301.0,107386.0,100089.0,106257.0,25878.74123
1737504000000,106257.0,106476.0,103240.0,103718.0,15077.50159
1737590400000,103718.0,107049.0,101180.0,103910.0,57152.42662
1737676800000,103910.0,107155.0,102668.0,104840.0,18595.12462
1737763200000,104839.0,105300.0,104066.0,104766.0,6847.25767
1737849600000,104766.0,105500.0,102410.0,102590.0,8842.65546
1737936000000,102588.0,103247.0,97700.0,102129.0,44995.30309
1738022400000,102130.0,103770.0,100170.0,101312.0,23784.79946
1738108800000,101311.0,104722.0,101301.0,103692.0,26071.30104
1738195200000,103693.0,106467.0,103193.0,104652.0,16734.95972
1738281600000,104653.0,106101.0,101600.0,102500.0,21485.08675
1738368000000,102499.0,102830.0,100237.0,100613.0,14121.70087
1738454400000,100613.0,101466.0,96106.0,97756.0,29041.28123
1738540800000,97760.0,102580.0,91225.0,101367.0,58125.48684
1738627200000,101366.0,101756.0,96222.0,97804.0,33391.51185
1738713600000,97804.0,99235.0,96200.0,96643.0,18859.50872
1738800000000,96649.0,99136.0,95692.0,96582.0,20430.26948
1738886400000,96581.0,100160.0,95518.0,96504.0,25258.72751
1738972800000,96504.0,96905.0,95612.0,96416.0,9990.38754
1739059200000,96416.0,97283.0,94662.0,96479.0,12766.0698
1739145600000,96479.0,98333.0,95166.0,97432.0,22622.71665
1739232000000,97421.0,98521.0,94881.0,95784.0,25525.24815
1739318400000,95783.0,98221.0,94090.0,97940.0,30732.84487
1739404800000,97940.0,98160.0,95176.0,96674.0,19933.67793
1739491200000,96674.0,98872.0,96344.0,97500.0,17989.15354
1739577600000,97500.0,97969.0,97165.0,97558.0,7479.37278
1739664000000,97559.0,97726.0,95993.0,96097.0,8158.55084
1739750400000,96097.0,97027.0,95201.0,95773.0,17453.15693
1739836800000,95772.0,96791.0,93279.0,95704.0,27551.9535
1739923200000,95704.0,96965.0,95071.0,96666.0,15395.03695
1740009600000,96665.0,98675.0,96412.0,98271.0,19906.12267
1740096000000,98271.0,99444.0,94938.0,96300.0,46169.3926
1740182400000,96300.0,97000.0,95875.0,96524.0,8559.07623
1740268800000,96523.0,96615.0,95199.0,96283.0,8976.52748
1740355200000,96282.0,96535.0,91333.0,91569.0,36056.50785
1740441600000,91587.0,92575.0,86095.0,88687.0,72858.15834
1740528000000,88690.0,89448.0,82250.0,84281.0,50832.53228
1740614400000,84281.0,87109.0,82675.0,84732.0,38157.5379
1740700800000,84733.0,85084.0,78271.0,84301.0,65837.29723
1740787200000,84301.0,86500.0,83777.0,86039.0,18472.15186
1740873600000,86040.0,95000.0,84998.0,94200.0,45915.32925
1740960000000,94200.0,94341.0,85017.0,86175.0,64528.03874
1741046400000,86177.0,88967.0,81436.0,87246.0,57929.91851
1741132800000,87246.0,90976.0,86295.0,90575.0,41168.39157
1741219200000,90575.0,92763.0,87769.0,89898.0,42046.72944
1741305600000,89897.0,91348.0,84558.0,86750.0,66212.67666
1741392000000,86750.0,86881.0,85156.0,86217.0,12725.36063
1741478400000,86217.0,86498.0,79973.0,80713.0,28788.0383
1741564800000,80713.0,84015.0,77411.0,78557.0,57694.95957
1741651200000,78557.0,83589.0,76526.0,82901.0,48797.81357
1741737600000,82901.0,84455.0,80558.0,83639.0,31601.83759
1741824000000,83639.0,84300.0,79902.0,81094.0,25289.86151
1741910400000,81094.0,85289.0,80797.0,83905.0,26823.33793
1741996800000,83906.0,84637.0,83489.0,84302.0,14380.95766
1742083200000,84302.0,85053.0,81916.0,82546.0,27019.69958
1742169600000,82545.0,84699.0,82388.0,83951.0,26747.49464
1742256000000,83952.0,83960.0,81157.0,82703.0,40141.49268
1742342400000,82703.0,86979.0,82541.0,86803.0,37883.16705
1742428800000,86810.0,87429.0,83611.0,84179.0,33102.17178
1742515200000,84179.0,84815.0,83100.0,84052.0,21011.08799
1742601600000,84052.0,84500.0,83614.0,83804.0,8708.86665
1742688000000,83804.0,86070.0,83767.0,86036.0,12499.42779
1742774400000,86036.0,88737.0,85464.0,87472.0,29597.91226
1742860800000,87472.0,88561.0,86280.0,87367.0,21841.53077
1742947200000,87367.0,88247.0,85804.0,86872.0,23150.68514
1743033600000,86873.0,87722.0,85708.0,87188.0,17232.65477
1743120000000,87187.0,87460.0,83537.0,84379.0,28794.73229
1743206400000,84380.0,84587.0,81605.0,82619.0,17533.0489
1743292800000,82619.0,83509.0,81483.0,82331.0,17265.83261
1743379200000,82330.0,83904.0,81240.0,82520.0,41546.5052
1743465600000,82520.0,85547.0,82386.0,85124.0,34759.1275
1743552000000,85123.0,88566.0,82272.0,82484.0,56567.21188
1743638400000,82484.0,83880.0,81210.0,83154.0,38492.49045
1743724800000,83153.0,84697.0,81622.0,83872.0,56340.71561
1743811200000,83873.0,84265.0,82346.0,83503.0,16221.48363
1743897600000,83503.0,83747.0,77073.0,78376.0,51210.34457
1743984000000,78376.0,81356.0,74442.0,79180.0,95493.82151
1744070400000,79181.0,80888.0,76160.0,76288.0,50715.17541
1744156800000,76289.0,83606.0,74600.0,82629.0,87814.65317
1744243200000,82629.0,82756.0,78500.0,79607.0,51510.21176
1744329600000,79607.0,84300.0,78954.0,83397.0,37994.91641
1744416000000,83397.0,86004.0,82777.0,85327.0,24582.08513
1744502400000,85326.0,86193.0,82983.0,83731.0,37489.3475
1744588800000,83732.0,85787.0,83664.0,84546.0,36544.38414
1744675200000,84546.0,86420.0,83567.0,83614.0,33877.69349
1744761600000,83615.0,85443.0,83059.0,83965.0,41694.26106
1744848000000,83966.0,85450.0,83684.0,84905.0,28407.29198
1744934400000,84906.0,85078.0,84265.0,84413.0,10550.34346
1745020800000,84413.0,85617.0,84304.0,85055.0,12251.61351
1745107200000,84099.0,85293.0,83894.0,85173.0,9357.58166
1745193600000,85173.0,88429.0,85125.0,87492.0,40591.62172
1745280000000,87492.0,94024.0,87032.0,93422.0,54946.63339
1745366400000,93420.0,94764.0,91900.0,93632.0,42063.6899
1745452800000,93631.0,93996.0,91616.0,93965.0,28851.25332
1745539200000,93965.0,95864.0,92816.0,94567.0,39477.28272
1745625600000,94567.0,95156.0,93818.0,94568.0,17931.70763
1745712000000,94569.0,95270.0,93566.0,93690.0,15930.58489
1745798400000,93690.0,95583.0,92753.0,94970.0,32689.04975
1745884800000,94970.0,95450.0,93725.0,94244.0,24883.85076
1745971200000,94243.0,95222.0,92900.0,94210.0,29490.35057
1746057600000,94210.0,97443.0,94151.0,96486.0,29685.01777
1746144000000,96479.0,97900.0,96356.0,96879.0,23410.95882
1746230400000,96880.0,96911.0,95722.0,95854.0,12876.87604
1746316800000,95855.0,96573.0,94139.0,94257.0,20895.23968
1746403200000,94256.0,95172.0,93475.0,94686.0,28562.96869
1746489600000,94687.0,96897.0,93298.0,96811.0,29471.41618
1746576000000,96812.0,97687.0,95750.0,97033.0,26689.67745
1746662400000,97032.0,104398.0,96891.0,103368.0,48053.6301
1746748800000,103365.0,104459.0,102263.0,103016.0,21608.19484
1746835200000,103017.0,105115.0,102860.0,104918.0,12367.05582
1746921600000,104918.0,105081.0,103407.0,104199.0,20684.05885
1747008000000,104200.0,105910.0,100772.0,102855.0,43796.10698
1747094400000,102854.0,105044.0,101443.0,104171.0,26334.91459
1747180800000,104170.0,104385.0,102627.0,103502.0,16663.1513
1747267200000,103501.0,104196.0,101370.0,103772.0,26922.79894
1747353600000,103772.0,104640.0,103071.0,103499.0,22348.16434
1747440000000,103499.0,103701.0,102539.0,103164.0,14310.14917
1747526400000,103164.0,106723.0,103151.0,106556.0,26342.05434
1747612800000,106498.0,107216.0,102132.0,105643.0,49892.09024
1747699200000,105644.0,107428.0,104172.0,106878.0,56275.02046
1747785600000,106877.0,111300.0,106002.0,109897.0,98922.61291
1747872000000,109898.0,112124.0,109371.0,111899.0,51671.22563
1747958400000,111899.0,111936.0,106800.0,107372.0,52934.36043
1748044800000,107372.0,109558.0,106935.0,107740.0,48386.2934
1748131200000,107742.0,109385.0,106400.0,109000.0,54472.91403
1748217600000,109000.0,110660.0,108648.0,109483.0,39193.27036
1748304000000,109482.0,111104.0,107436.0,108942.0,59294.12745
1748390400000,108942.0,109331.0,106755.0,107818.0,47166.88358
1748476800000,107818.0,109072.0,105347.0,105577.0,53193.60908
1748563200000,105577.0,106284.0,103612.0,104005.0,50915.84702
1748649600000,104005.0,104915.0,103050.0,104585.0,15629.8369
1748736000000,104585.0,105917.0,103758.0,105689.0,14797.36562
1748822400000,105689.0,106109.0,103700.0,105897.0,30364.07327
1748908800000,105897.0,106828.0,104913.0,105332.0,29634.65527
1748995200000,105334.0,105943.0,104135.0,104669.0,20635.59042
1749081600000,104668.0,105880.0,100350.0,101510.0,44038.41633
1749168000000,101511.0,105300.0,101110.0,104245.0,27680.58769
1749254400000,104245.0,105866.0,103792.0,105476.0,12188.03967
1749340800000,105476.0,106431.0,105024.0,105659.0,12537.00564
1749427200000,105659.0,111000.0,105269.0,110340.0,38937.18965
1749513600000,110341.0,110500.0,108409.0,110373.0,28095.43009
1749600000000,110373.0,110480.0,108069.0,108668.0,27049.50655
1749686400000,108667.0,108817.0,105600.0,105627.0,39646.82985
1749772800000,105625.0,106152.0,102670.0,106031.0,52586.62795
1749859200000,106031.0,106159.0,104225.0,105386.0,17646.00517
1749945600000,105386.0,106095.0,104517.0,105620.0,14881.62427
1750032000000,105618.0,108987.0,105000.0,106842.0,41759.72039
1750118400000,106821.0,107836.0,103360.0,104498.0,55963.58362
1750204800000,104498.0,105539.0,103388.0,104841.0,34860.86038
1750291200000,104840.0,105196.0,103850.0,104643.0,21784.38785
1750377600000,104643.0,106558.0,102253.0,103260.0,43666.48747
1750464000000,103260.0,103956.0,100803.0,102092.0,21380.87388
1750550400000,102093.0,103391.0,98120.0,100918.0,74018.4308
1750636800000,100917.0,106098.0,99533.0,105329.0,71946.8893
1750723200000,105326.0,106252.0,104530.0,106052.0,35015.75816
1750809600000,106052.0,108121.0,105749.0,107281.0,34910.98863
1750896000000,107280.0,108257.0,106511.0,106878.0,26079.33115
1750982400000,106878.0,107672.0,106300.0,107020.0,25231.54457
1751068800000,107022.0,107502.0,106787.0,107276.0,5673.34676
1751155200000,107276.0,108541.0,107161.0,108321.0,15452.11603
1751241600000,108322.0,108742.0,106700.0,107140.0,23127.27754
1751328000000,107141.0,107510.0,105197.0,105620.0,27160.49446
1751414400000,105621.0,109721.0,105005.0,108808.0,38772.85193
1751500800000,108809.0,110495.0,108490.0,109551.0,25890.66835
1751587200000,109551.0,109723.0,107263.0,107993.0,23571.3728
1751673600000,107993.0,108419.0,107744.0,108191.0,7907.97861
1751760000000,108191.0,109763.0,107777.0,109203.0,16586.17536
1751846400000,109204.0,109759.0,107528.0,108284.0,21154.84181
1751932800000,108283.0,109248.0,107445.0,108930.0,21390.8352
1752019200000,108929.0,112068.0,108336.0,111225.0,36165.13668
1752105600000,111225.0,117863.0,110526.0,116058.0,42176.51112
1752192000000,116058.0,118970.0,115240.0,117603.0,37160.48646
1752278400000,117602.0,118332.0,116964.0,117487.0,12047.37724
1752364800000,117488.0,119604.0,117264.0,119133.0,20576.14872
1752451200000,119133.0,123358.0,118959.0,119968.0,46441.31156
1752537600000,119967.0,120060.0,115739.0,117831.0,71802.66602
1752624000000,117831.0,120182.0,117133.0,118720.0,40703.35883
1752710400000,118719.0,121097.0,117550.0,119278.0,38616.27167
1752796800000,119279.0,120931.0,116802.0,117947.0,39309.18833
1752883200000,117946.0,118494.0,117280.0,117880.0,11397.40993
1752969600000,117880.0,118948.0,116541.0,117313.0,17926.75818
1753056000000,117324.0,119721.0,116572.0,117430.0,30383.66732
1753142400000,117430.0,120386.0,116165.0,120098.0,44763.48248
1753228800000,120098.0,120244.0,117365.0,118825.0,26478.84328
1753315200000,118826.0,119571.0,117103.0,118378.0,26390.18963
1753401600000,118379.0,118530.0,114860.0,117726.0,56172.58824
1753488000000,117727.0,118354.0,117200.0,117960.0,12928.09486
1753574400000,117961.0,119848.0,117862.0,119507.0,14554.19508
1753660800000,119507.0,119934.0,117503.0,118118.0,26945.09663
1753747200000,118117.0,119339.0,117003.0,117992.0,29275.18914
1753833600000,117992.0,118848.0,115828.0,117915.0,26958.67319
1753920000000,117915.0,119027.0,115294.0,115724.0,33794.85288
1754006400000,115725.0,116042.0,112564.0,113219.0,58855.52998
1754092800000,113218.0,114011.0,111919.0,112502.0,24231.40789
1754179200000,112504.0,114788.0,111860.0,114162.0,18217.40298
1754265600000,114163.0,115701.0,114062.0,115026.0,22807.49078
1754352000000,115027.0,115105.0,112563.0,114068.0,31128.0182
1754438400000,114068.0,115702.0,113296.0,114949.0,26153.09541
1754524800000,114949.0,117630.0,114241.0,117485.0,28139.50533
1754611200000,117485.0,117641.0,115947.0,116699.0,22794.38556
1754697600000,116700.0,117986.0,116392.0,116545.0,16015.68922
1754784000000,116545.0,119412.0,116537.0,119370.0,25421.96542
1754870400000,119371.0,122384.0,118167.0,118758.0,44993.65408
1754956800000,118757.0,120397.0,118250.0,120217.0,29215.05833
1755043200000,120217.0,123823.0,119020.0,123436.0,46334.82245
1755129600000,123436.0,124598.0,117200.0,118325.0,58803.65145
1755216000000,118325.0,119274.0,116780.0,117347.0,25057.8051
1755302400000,117346.0,117888.0,117110.0,117357.0,7624.12456
1755388800000,117358.0,118549.0,117144.0,117380.0,9351.49646
1755475200000,117381.0,117529.0,114584.0,116164.0,38305.96906
1755561600000,116163.0,116673.0,112688.0,112828.0,48750.91204
1755648000000,112827.0,114603.0,112316.0,114249.0,31643.9446
1755734400000,114249.0,114801.0,111948.0,112447.0,30873.42731
1755820800000,112447.0,117420.0,111690.0,116963.0,44716.86255
1755907200000,116963.0,117062.0,114629.0,115495.0,17600.42567
1755993600000,115495.0,115723.0,110520.0,113575.0,43837.64179
1756080000000,113575.0,113765.0,109278.0,110144.0,54211.27796
1756166400000,110145.0,112431.0,108690.0,111817.0,33588.45323
1756252800000,111817.0,112699.0,110379.0,111273.0,25859.07367
1756339200000,111273.0,113527.0,110882.0,112605.0,22119.19158
1756425600000,112604.0,112661.0,107417.0,108330.0,45453.99707
1756512000000,108328.0,108943.0,107262.0,108799.0,21729.1259
1756598400000,108800.0,109500.0,108057.0,108227.0,14834.46656
1756684800000,108226.0,109919.0,107249.0,109222.0,38302.12374
1756771200000,109222.0,111752.0,108350.0,111225.0,40020.48749
1756857600000,111225.0,112580.0,110502.0,111670.0,24817.38155
1756944000000,111670.0,112171.0,109324.0,110741.0,29396.95695
1757030400000,110740.0,113400.0,110208.0,110646.0,44217.47558
1757116800000,110649.0,111304.0,109908.0,110139.0,8293.08299
1757203200000,110138.0,111560.0,110128.0,111102.0,9486.4992
1757289600000,111101.0,112871.0,110578.0,112035.0,24355.93502
1757376000000,112035.0,113222.0,110756.0,111563.0,29559.56245
1757462400000,111563.0,114266.0,110939.0,113954.0,30717.43315
1757548800000,113955.0,115498.0,113421.0,115489.0,26924.09097
1757635200000,115489.0,116643.0,114766.0,116023.0,25960.54257
1757721600000,116022.0,116288.0,115050.0,115908.0,11477.14136
1757808000000,115908.0,116139.0,115119.0,115276.0,12992.26106
1757894400000,115276.0,116776.0,114367.0,115370.0,27643.70709
1757980800000,115370.0,116924.0,114730.0,116761.0,23952.26983
1758067200000,116761.0,117226.0,114798.0,116466.0,39404.08222
1758153600000,116468.0,117960.0,116105.0,117110.0,29192.21404
1758240000000,117111.0,117530.0,115150.0,115674.0,22917.01383
1758326400000,115675.0,116135.0,115414.0,115686.0,7472.28558
1758412800000,115687.0,115843.0,115206.0,115278.0,9247.28576
1758499200000,115284.0,115430.0,111149.0,112638.0,48210.62969
1758585600000,112639.0,113289.0,111414.0,111976.0,25463.37996
1758672000000,111975.0,113947.0,110904.0,113277.0,26961.7518
1758758400000,113277.0,113489.0,108569.0,108962.0,46787.52143
1758844800000,108963.0,110268.0,108565.0,109614.0,20519.21579
1758931200000,109615.0,109688.0,109060.0,109599.0,5919.12207
1759017600000,109600.0,112316.0,109145.0,112130.0,15334.19847
1759104000000,112130.0,114379.0,111490.0,114274.0,21589.03286
1759190400000,114272.0,114778.0,112602.0,114036.0,26663.5291
1759276800000,114037.0,118619.0,113940.0,118572.0,30800.35287
1759363200000,118573.0,121050.0,118203.0,120516.0,32526.97382
1759449600000,120516.0,123950.0,119216.0,122266.0,36035.65764
1759536000000,122268.0,122853.0,121500.0,122455.0,12257.73306
1759622400000,122456.0,125913.0,122200.0,123570.0,35591.96372
1759708800000,123570.0,126297.0,123184.0,124711.0,33762.64971
1759795200000,124711.0,125244.0,120564.0,121401.0,51504.96722
1759881600000,121400.0,124303.0,121100.0,123385.0,26685.83627
1759968000000,123384.0,123783.0,119526.0,121615.0,43595.79239
1760054400000,121615.0,122460.0,100837.0,112761.0,99311.91521
1760140800000,112729.0,113302.0,109546.0,110592.0,28144.52965
1760227200000,110593.0,115793.0,109515.0,114940.0,39314.43351
1760313600000,114940.0,115963.0,113600.0,115124.0,29040.11123
1760400000000,115124.0,115371.0,109764.0,113020.0,65437.99719
1760486400000,113020.0,113592.0,110164.0,110730.0,39687.92868
1760572800000,110730.0,112038.0,107450.0,108221.0,45522.23837
1760659200000,108221.0,109255.0,103498.0,106396.0,45987.94596
1760745600000,106395.0,107496.0,106303.0,107143.0,10954.55774
1760832000000,107143.0,109407.0,106056.0,108591.0,20172.98134
1760918400000,108590.0,111679.0,107365.0,110479.0,35286.43348
1761004800000,110480.0,114244.0,107398.0,108245.0,73294.67742
1761091200000,108246.0,109132.0,106400.0,107528.0,64183.0458
1761177600000,107528.0,111332.0,107458.0,110063.0,40235.8972
1761264000000,110062.0,112142.0,109800.0,111060.0,27163.12633
1761350400000,111060.0,112000.0,110704.0,111683.0,12149.47673
1761436800000,111683.0,115777.0,111266.0,114601.0,23675.33105
1761523200000,114600.0,116475.0,113824.0,114111.0,27613.04903
1761609600000,114110.0,116129.0,112189.0,112864.0,38813.93747
1761696000000,112864.0,113627.0,109305.0,110102.0,41238.50086
1761782400000,110102.0,111673.0,106282.0,108360.0,54305.92388
1761868800000,108361.0,111170.0,108321.0,109587.0,32714.8499
1761955200000,109587.0,110569.0,109378.0,110120.0,9414.99634
1762041600000,110120.0,111255.0,109409.0,110529.0,14229.54974
1762128000000,110528.0,110735.0,105240.0,106527.0,50039.63271
1762214400000,106528.0,107247.0,98895.0,101460.0,77683.00229
1762300800000,101462.0,104582.0,98927.0,103925.0,36697.68574
1762387200000,103925.0,104236.0,100191.0,101313.0,48748.57263
1762473600000,101312.0,104124.0,99237.0,103300.0,47460.67634
1762560000000,103301.0,103367.0,101428.0,102269.0,19780.17331
1762646400000,102269.0,105521.0,101340.0,104753.0,24778.92294
1762732800000,104748.0,106703.0,104291.0,106015.0,34097.24946
1762819200000,106016.0,107519.0,102454.0,103034.0,34924.78234
1762905600000,103033.0,105299.0,100729.0,101623.0,32120.04863
1762992000000,101624.0,104000.0,98000.0,99735.0,67775.11888
1763078400000,99735.0,99887.0,94079.0,94634.0,80808.54786
1763164800000,94633.0,96857.0,94615.0,95592.0,23296.51139
1763251200000,95593.0,96654.0,93025.0,94291.0,33721.88896
1763337600000,94291.0,96088.0,91355.0,92272.0,48567.81882
1763424000000,92273.0,93851.0,89262.0,92972.0,51225.64156
1763510400000,92973.0,92996.0,88617.0,91554.0,48841.92376
1763596800000,91554.0,93167.0,86109.0,86650.0,54189.37633
1763683200000,86650.0,87516.0,80255.0,85111.0,102959.29396
1763769600000,85112.0,85611.0,83450.0,84711.0,25320.67791
1763856000000,84711.0,88130.0,84648.0,86807.0,39151.12811
1763942400000,86807.0,89165.0,85231.0,88232.0,51784.47511
1764028800000,88233.0,88473.0,86050.0,87332.0,40076.20686
1764115200000,87331.0,90602.0,86207.0,90420.0,36358.1801
1764201600000,90421.0,91911.0,90026.0,91310.0,26482.45972
1764288000000,91310.0,93089.0,90147.0,90842.0,30944.38487
1764374400000,90842.0,91140.0,90091.0,90768.0,12400.6421
1764460800000,90769.0,91923.0,90293.0,90326.0,11989.16095
1764547200000,90325.0,90376.0,83769.0,86216.0,68144.61692
1764633600000,86218.0,92217.0,86123.0,91237.0,46709.44352
1764720000000,91237.0,94140.0,90945.0,93395.0,39397.84212
1764806400000,93395.0,94031.0,90806.0,92034.0,30753.60378
1764892800000,92034.0,92660.0,88032.0,89294.0,38747.49449
1764979200000,89294.0,90249.0,88848.0,89181.0,12661.86354
1765065600000,89182.0,91721.0,87666.0,90344.0,33094.5518
1765152000000,90345.0,92256.0,89565.0,90594.0,32637.88187
1765238400000,90594.0,94569.0,89500.0,92654.0,42250.81202
1765324800000,92655.0,94444.0,91543.0,91961.0,42666.98875
1765411200000,91961.0,93544.0,89229.0,92481.0,43832.38573
1765497600000,92482.0,92728.0,89448.0,90228.0,28930.96278
1765584000000,90228.0,90624.0,89724.0,90222.0,5584.85718
1765670400000,90222.0,90443.0,87558.0,88128.0,16664.59379
1765756800000,88129.0,90007.0,85123.0,86427.0,45276.57871
1765843200000,86427.0,88142.0,85236.0,87814.0,29183.67405
1765929600000,87814.0,90346.0,85270.0,86210.0,42828.64483
1766016000000,86210.0,89441.0,84395.0,85477.0,50728.94671
1766102400000,85477.0,89381.0,85090.0,88092.0,45578.10654
1766188800000,88093.0,88525.0,87715.0,88317.0,8597.39678
1766275200000,88317.0,89048.0,87597.0,88607.0,13507.28787
1766361600000,88608.0,90553.0,87829.0,88573.0,36589.24944
1766448000000,88567.0,88893.0,86571.0,87459.0,29635.90502
1766534400000,87459.0,88045.0,86401.0,87653.0,19236.66439
1766620800000,87652.0,88575.0,86910.0,87200.0,13857.7802
1766707200000,87201.0,89521.0,86633.0,87339.0,27613.42715
1766793600000,87338.0,87950.0,87222.0,87844.0,4559.90238
1766880000000,87841.0,88059.0,87408.0,87928.0,9055.52282
1766966400000,87927.0,90380.0,86736.0,87228.0,38628.25064
1767052800000,87227.0,89376.0,86824.0,88466.0,19891.68889
1767139200000,88467.0,89178.0,87229.0,87632.0,16544.41411
1767225600000,87631.0,88888.0,87550.0,88809.0,10154.333
1767312000000,88810.0,90956.0,88350.0,89932.0,37817.40422
1767398400000,89932.0,90711.0,89269.0,90600.0,14142.70693
1767484800000,90599.0,91834.0,90599.0,91511.0,15979.19943
1767571200000,91510.0,94753.0,91479.0,93832.0,39930.7357
1767657600000,93831.0,94435.0,91316.0,93801.0,38754.6579
1767744000000,93801.0,93801.0,90677.0,91373.0,37511.8059
1767830400000,91373.0,91676.0,89300.0,91079.0,38596.92738
1767916800000,91079.0,92061.0,89645.0,90650.0,38891.18434
1768003200000,90651.0,90800.0,90349.0,90485.0,4701.01364
1768089600000,90485.0,91250.0,90207.0,90997.0,13190.68579
1768176000000,90998.0,92505.0,90081.0,91249.0,39666.26483
1768262400000,91249.0,96626.0,90991.0,95374.0,52162.0156
1768348800000,95374.0,97949.0,94544.0,96917.0,43298.84874
1768435200000,96917.0,97202.0,95075.0,95588.0,35711.3271
1768521600000,95589.0,95860.0,94302.0,95586.0,20018.3746
1768608000000,95586.0,95659.0,95033.0,95144.0,7220.82301
1768694400000,95143.0,95537.0,93555.0,93621.0,12520.92287
1768780800000,93620.0,93621.0,91800.0,92581.0,27498.5049
1768867200000,92582.0,92821.0,87804.0,88404.0,50965.70558
1768953600000,88403.0,90500.0,87200.0,89401.0,47470.78332
1769040000000,89400.0,90312.0,88445.0,89500.0,26606.5332
1769126400000,89500.0,91206.0,88510.0,89552.0,32823.78073
1769212800000,89552.0,89883.0,89115.0,89171.0,4278.3421
1769299200000,89172.0,89278.0,86051.0,86637.0,30708.28152
1769385600000,86638.0,88840.0,86469.0,88299.0,32514.67284
1769472000000,88299.0,89499.0,87256.0,89215.0,23366.84647
1769558400000,89216.0,90587.0,88793.0,89276.0,38448.71668
1769644800000,89276.0,89316.0,83360.0,84641.0,76798.79804
1769731200000,84639.0,84709.0,81000.0,84241.0,64886.36751
1769817600000,84240.0,84251.0,75280.0,78728.0,73446.05252
1769904000000,78728.0,79417.0,75620.0,76928.0,52294.67411
1769990400000,76928.0,79286.0,74564.0,78684.0,50420.37283
1770076800000,78684.0,79154.0,72900.0,75731.0,67300.01598
1770163200000,75732.0,76947.0,71820.0,73147.0,67327.30929
1770249600000,73139.0,73310.0,62156.0,62894.0,174278.175
1770336000000,62894.0,71684.0,60000.0,70516.0,118133.18505
1770422400000,70516.0,71656.0,67244.0,69236.0,45175.48734
1770508800000,69237.0,72271.0,68840.0,70297.0,30139.8785
1770595200000,70290.0,71417.0,68263.0,70093.0,41623.22022
1770681600000,70093.0,70499.0,67887.0,68801.0,36530.69076
1770768000000,68802.0,69270.0,65700.0,67059.0,50439.86245
1770854400000,67058.0,68399.0,65097.0,66244.0,44186.41671
1770940800000,66245.0,69456.0,65827.0,68822.0,32502.90761
1771027200000,68823.0,70532.0,68705.0,69792.0,18119.32706
1771113600000,69792.0,70949.0,68034.0,68798.0,21027.17958
1771200000000,68800.0,70099.0,67270.0,68870.0,23415.68511
1771286400000,68870.0,69213.0,66600.0,67480.0,30980.19147
1771372800000,67481.0,68442.0,65834.0,66436.0,33289.50546
1771459200000,66436.0,67300.0,65619.0,66981.0,28562.68073
1771545600000,66982.0,68300.0,66422.0,67980.0,41024.26662
1771632000000,67979.0,68661.0,67481.0,67935.0,12003.69401
1771718400000,67932.0,68225.0,67145.0,67602.0,12375.65783
1771804800000,67602.0,67637.0,63859.0,64631.0,47709.43478
1771891200000,64631.0,64994.0,62468.0,64015.0,50578.6995
1771977600000,64015.0,69984.0,63852.0,67944.0,54277.64565
1772064000000,67945.0,68816.0,66488.0,67453.0,38410.58301
1772150400000,67452.0,68178.0,64849.0,65837.0,34280.05918
1772236800000,65838.0,67760.0,62983.0,66931.0,52549.78553
1772323200000,66931.0,68173.0,65000.0,65734.0,36117.75016
1772409600000,65734.0,70067.0,65250.0,68774.0,51212.95685
1772496000000,68773.0,69199.0,66104.0,68299.0,54591.70649
1772582400000,68298.0,73995.0,67351.0,72633.0,69942.22419
1772668800000,72634.0,73500.0,70610.0,70828.0,45069.03931
1772755200000,70827.0,71388.0,67720.0,68082.0,56121.37958
1772841600000,68082.0,68533.0,66898.0,67230.0,22543.40383
1772928000000,67230.0,68161.0,65573.0,65933.0,35141.9929
1773014400000,65933.0,69460.0,65780.0,68389.0,56214.78496
1773100800000,68388.0,71760.0,68346.0,69898.0,48154.84483
1773187200000,69897.0,71294.0,68947.0,70135.0,38344.86891
1773273600000,70136.0,70770.0,69163.0,70500.0,33693.91576
1773360000000,70500.0,73869.0,70353.0,70901.0,50934.14373
1773446400000,70900.0,71262.0,70276.0,71180.0,15023.25374
1773532800000,71181.0,73182.0,70822.0,72778.0,20698.63066
1773619200000,72778.0,74898.0,72237.0,74854.0,43780.31008
1773705600000,74854.0,75972.0,73318.0,73864.0,43841.14271
1773792000000,73863.0,74638.0,70440.0,71213.0,40229.10859
1773878400000,71213.0,71570.0,68750.0,69919.0,44324.95144
1773964800000,69920.0,71360.0,69344.0,70474.0,35492.11162
1774051200000,70474.0,71076.0,68507.0,68874.0,13669.69657
1774137600000,68875.0,69554.0,67313.0,67831.0,29643.43416
1774224000000,67831.0,71785.0,67404.0,70860.0,54028.20553
1774310400000,70861.0,71385.0,68904.0,70553.0,38126.02634
1774396800000,70554.0,72034.0,70387.0,71303.0,37014.70248
1774483200000,71302.0,71411.0,68123.0,68806.0,35818.15022
1774569600000,68806.0,69152.0,65550.0,66396.0,36622.00839
1774656000000,66397.0,67280.0,65903.0,66353.0,14151.86905
1774742400000,66353.0,67096.0,64904.0,65970.0,17549.8556
1774828800000,65969.0,68127.0,65759.0,66766.0,29827.48958
1774915200000,66766.0,68559.0,65951.0,68244.0,51041.80962
1775001600000,68243.0,69265.0,67553.0,68084.0,36481.94998
1775088000000,68083.0,68624.0,65697.0,66866.0,42345.09695
1775174400000,66866.0,67371.0,66246.0,66942.0,20921.43336
1775260800000,66930.0,67513.0,66728.0,67264.0,9142.47123
1775347200000,67263.0,69096.0,66565.0,68988.0,21049.15722
1775433600000,68989.0,70316.0,68282.0,68818.0,40551.19937
1775520000000,68817.0,72772.0,67695.0,71919.0,49182.17309
1775606400000,71920.0,72851.0,70676.0,71036.0,34431.95346
1775692800000,71036.0,73158.0,70425.0,71758.0,41364.14995
1775779200000,71757.0,73479.0,71388.0,72926.0,27098.2111
1775865600000,72926.0,73773.0,72500.0,73015.0,13283.37634
1775952000000,73015.0,73115.0,70450.0,70705.0,27032.2683
1776038400000,70708.0,74907.0,70529.0,74387.0,41478.85656
1776124800000,74387.0,76000.0,73800.0,74098.0,42416.42329
1776211200000,74097.0,75400.0,73451.0,74774.0,29303.66208
1776297600000,74775.0,75499.0,73254.0,75130.0,38828.68973
1776384000000,75129.0,78279.0,74501.0,77021.0,44353.1104
1776470400000,77021.0,77369.0,75402.0,75642.0,19165.99711
1776556800000,75642.0,76195.0,73718.0,73741.0,26973.61046
1776643200000,73741.0,76540.0,73690.0,75802.0,29061.78236
1776729600000,75801.0,76881.0,74770.0,76288.0,38474.72766
1776816000000,76289.0,79400.0,76098.0,78137.0,35975.98792
1776902400000,78138.0,78649.0,76910.0,78226.0,38171.44513
1776988800000,78226.0,78548.0,77225.0,77402.0,24693.75028
1777075200000,77402.0,77854.0,77100.0,77582.0,9436.65116
1777161600000,77582.0,78916.0,77279.0,78615.0,15318.6955
1777248000000,78616.0,79434.0,76363.0,77320.0,30555.1805
1777334400000,77320.0,77440.0,75649.0,76297.0,27487.13936
1777420800000,76297.0,77866.0,74894.0,75727.0,36637.97522
1777507200000,75727.0,76622.0,75286.0,76300.0,26419.36546
1777593600000,76300.0,78900.0,76283.0,78189.0,31644.29709
1777680000000,78189.0,79133.0,77981.0,78651.0,11733.12086
1777766400000,78651.0,79400.0,78032.0,78533.0,16606.35953
1777852800000,78533.0,80762.0,78156.0,79803.0,49250.04107
1777939200000,79803.0,81767.0,79754.0,80862.0,34018.30236
1778025600000,80863.0,82799.0,80711.0,81401.0,35339.48691
1778112000000,81402.0,81675.0,79500.0,79992.0,32877.26535
1778198400000,79991.0,80485.0,79176.0,80152.0,27810.90901
1778284800000,80153.0,81038.0,80087.0,80620.0,12592.35248
1778371200000,80619.0,82436.0,80203.0,82164.0,20225.2642
1778457600000,82165.0,82344.0,80401.0,81703.0,27730.56644
1778544000000,81704.0,81747.0,79804.0,80459.0,22614.2016
1778630400000,80459.0,81271.0,78735.0,79283.0,25467.21269
1778716800000,79283.0,81992.0,78880.0,81044.0,36390.98195
1778803200000,81044.0,81623.0,78608.0,79063.0,29636.44619
1778889600000,79062.0,79177.0,77600.0,78104.0,20239.35861
1778976000000,78104.0,78562.0,76700.0,77431.0,19768.96028
1779062400000,77430.0,77754.0,76037.0,76984.0,31062.23898
1779148800000,76984.0,77399.0,76125.0,76806.0,19921.03082
1779235200000,76807.0,77839.0,76490.0,77533.0,24614.33818
1779321600000,77533.0,78174.0,76700.0,77587.0,30340.23675
1779408000000,77587.0,77870.0,75350.0,75500.0,26664.35184
1779494400000,75500.0,77375.0,74234.0,76712.0,33214.86536
1779580800000,76711.0,77534.0,76060.0,77015.0,20162.76962
1779667200000,77015.0,77865.0,76867.0,77282.0,15808.68639
1779753600000,77281.0,78060.0,75623.0,75894.0,32928.43175
1779840000000,75895.0,76120.0,74202.0,74420.0,30400.11525
1779926400000,74420.0,74557.0,72555.0,73587.0,40933.14557
1780012800000,73588.0,74300.0,72476.0,73431.0,32765.70645
1780099200000,73432.0,74095.0,73163.0,73853.0,12754.69335
1780185600000,73853.0,74250.0,73377.0,73658.0,17573.60901
1780272000000,73658.0,74075.0,70683.0,71411.0,52526.47039
1780358400000,71411.0,71412.0,66169.0,66732.0,94456.09211
1780444800000,66732.0,67479.0,64061.0,64118.0,75735.70932
1780531200000,64118.0,64752.0,61350.0,63855.0,104680.49957
1780617600000,63854.0,63949.0,59100.0,61033.0,134490.34055
1780704000000,61033.0,61508.0,59459.0,60861.0,51481.3049
1780790400000,60860.0,64228.0,60714.0,63309.0,47627.23747
1780876800000,63309.0,64196.0,62375.0,63058.0,44332.07181
1780963200000,63058.0,63514.0,60765.0,61695.0,50944.20417
1781049600000,61699.0,62827.0,60733.0,61481.0,49237.45388
1781136000000,61484.0,63919.0,61484.0,63621.0,44292.86741
1781222400000,63621.0,64383.0,62801.0,63561.0,37754.48898
1781308800000,63560.0,64332.0,63420.0,63959.0,11818.26572
